"Address","Hash","Indexability","Indexability Status"
"https://mutflex.com/blog/كيف-يحل-برنامج-إدارة-مصانع-الرخام-مشاكل-الإنتاج-والتكاليف","33e1bddda238a0930ae542c6cafdfac1","Indexable",""
"https://mutflex.com/blog/هل-الفنيون-هم-المشكلة-كيف-يحل-برنامج-إدارة-الفنيين-فوضى-العمل-الميداني","33e1bddda238a0930ae542c6cafdfac1","Indexable",""
"https://mutflex.com/blog/كيف-يحول-موتفليكس-عمليات-مصنعك-ومشاريعك-بالسعودية","33e1bddda238a0930ae542c6cafdfac1","Indexable",""
"https://mutflex.com/blog/برنامج-موتفليكس-حلول-سعودية-متكاملة-لإدارة-عملياتك-بذكاء","33e1bddda238a0930ae542c6cafdfac1","Indexable",""
"https://mutflex.com/blog/عملك-فوضى-لا-تنظيم-اكتشف-أفضل-برنامج-إدارة-تشغيل-الآن","33e1bddda238a0930ae542c6cafdfac1","Indexable",""
"https://mutflex.com/blog/موتفليكس-تطبيق-كيف-تدير-عملك-وأنت-خارج-المكتب-حلول-لأصحاب-الأعمال-في-السعودية","33e1bddda238a0930ae542c6cafdfac1","Indexable",""
"https://mutflex.com/blog/ليس-فقط-السعر-التكلفة-الحقيقية-لبرنامج-إدارة-المشاريع-وماذا-يجب-أن-تسأل-عنه","33e1bddda238a0930ae542c6cafdfac1","Indexable",""
"https://mutflex.com/blog/موتفليكس-نظام-هل-تدير-عملك-ببرامج-أم-بمنظومة-تشغيل-متكاملة","33e1bddda238a0930ae542c6cafdfac1","Indexable",""
"https://mutflex.com/blog/دليلك-الشامل-لبرنامج-تشغيل-شركات-السعودية-وحلول-تحديات-المشاريع","33e1bddda238a0930ae542c6cafdfac1","Indexable",""
"https://mutflex.com/blog/كيف-يحل-برنامج-إدارة-مصانع-الرخام-تعقيدات-التشغيل-ويضمن-تسليم-المشاريع-بالوقت","33e1bddda238a0930ae542c6cafdfac1","Indexable",""
"https://mutflex.com/blog/هل-عملك-مشغول-لكن-فوضوي-اكتشف-الحل-مع-أفضل-برنامج-إدارة-تشغيل","33e1bddda238a0930ae542c6cafdfac1","Indexable",""
"https://mutflex.com/blog/متابعة-مقاول-الباطن-كيف-تدير-العمل-عن-بعد-وتتغلب-على-التحديات-اليومية","33e1bddda238a0930ae542c6cafdfac1","Indexable",""
"https://mutflex.com/blog/ليس-فقط-السعر-دليلك-الشامل-لاختيار-نظام-إدارة-المشاريع-الأمثل-لشركتك","33e1bddda238a0930ae542c6cafdfac1","Indexable",""
"https://mutflex.com/blog/وداعا-للفوضى-كيف-يحول-نظام-تتبع-مراحل-التصنيع-مصنعك-السعودي-إلى-قلعة-إنتاجية","33e1bddda238a0930ae542c6cafdfac1","Indexable",""
"https://mutflex.com/blog/برنامج-إدارة-المشاريع-في-السعودية-حلول-لتحديات-أعمالك","33e1bddda238a0930ae542c6cafdfac1","Indexable",""
"https://mutflex.com/blog/وداعا-لفوضى-الفروع-كيف-يحول-برنامج-إدارة-الفروع-عملك-إلى-منظومة-متكاملة","33e1bddda238a0930ae542c6cafdfac1","Indexable",""
"https://mutflex.com/blog/موتفليكس-الحل-الذكي-لإدارة-مصانع-وشركات-المقاولات","33e1bddda238a0930ae542c6cafdfac1","Indexable",""
