"Address","Occurrences","H1-1","H1-1 Length","Indexability","Indexability Status"
"https://mutflex.com/uploads/cover-1768053623483-98582016.png","0","","0","Indexable",""
"https://mutflex.com/uploads/cover-1768215870168-340456172.png","0","","0","Indexable",""
"https://mutflex.com/uploads/cover-1768046082667-754755673.png","0","","0","Indexable",""
"https://mutflex.com/uploads/cover-1768046244777-465228978.png","0","","0","Indexable",""
"https://mutflex.com/uploads/cover-1768046132673-202549771.png","0","","0","Indexable",""
"https://mutflex.com/uploads/cover-1768045958187-322095394.png","0","","0","Indexable",""
"https://mutflex.com/uploads/cover-1768215790291-106706178.png","0","","0","Indexable",""
"https://mutflex.com/uploads/cover-1768215836984-71634429.png","0","","0","Indexable",""
"https://mutflex.com/uploads/cover-1768215929171-180293372.png","0","","0","Indexable",""
"https://mutflex.com/uploads/cover-1768048476157-483378552.png","0","","0","Indexable",""
"https://mutflex.com/uploads/cover-1768048268127-705647709.png","0","","0","Indexable",""
"https://mutflex.com/uploads/cover-1768048540324-316204643.png","0","","0","Indexable",""
"https://mutflex.com/uploads/cover-1768215672765-489796622.png","0","","0","Indexable",""
"https://mutflex.com/uploads/cover-1768056365653-416870147.png","0","","0","Indexable",""
"https://mutflex.com/uploads/cover-1768056198776-579940436.png","0","","0","Indexable",""
"https://mutflex.com/uploads/cover-1768056295471-937745970.png","0","","0","Indexable",""
"https://mutflex.com/uploads/cover-1768056338416-852642148.png","0","","0","Indexable",""
"https://mutflex.com/uploads/cover-1768056139898-239021379.png","0","","0","Indexable",""
"https://mutflex.com/uploads/cover-1768047413739-967040163.png","0","","0","Indexable",""
"https://mutflex.com/uploads/cover-1768047478060-605637336.png","0","","0","Indexable",""
"https://mutflex.com/uploads/cover-1768049054975-573260309.png","0","","0","Indexable",""
"https://mutflex.com/uploads/cover-1768049116417-878266299.png","0","","0","Indexable",""
"https://mutflex.com/uploads/cover-1768049349069-926434287.png","0","","0","Indexable",""
"https://mutflex.com/uploads/cover-1768049195508-177993104.png","0","","0","Indexable",""
"https://mutflex.com/uploads/cover-1768049278024-817701830.png","0","","0","Indexable",""
"https://mutflex.com/uploads/cover-1768053250620-786914056.png","0","","0","Indexable",""
"https://mutflex.com/uploads/cover-1768053114960-487904922.png","0","","0","Indexable",""
"https://mutflex.com/uploads/cover-1768053166850-244728109.png","0","","0","Indexable",""
"https://mutflex.com/uploads/cover-1768043184057-269344721.png","0","","0","Indexable",""
"https://mutflex.com/uploads/cover-1768122840663-591828484.png","0","","0","Indexable",""
"https://mutflex.com/uploads/cover-1768122882131-108943146.png","0","","0","Indexable",""
