"Address","Occurrences","Title 1","Title 1 Length","Title 1 Pixel Width","Indexability","Indexability Status"
"https://mutflex.com/blog/كيف-يحل-برنامج-إدارة-مصانع-الرخام-مشاكل-الإنتاج-والتكاليف","1","","0","0","Indexable",""
"https://mutflex.com/blog/هل-الفنيون-هم-المشكلة-كيف-يحل-برنامج-إدارة-الفنيين-فوضى-العمل-الميداني","1","","0","0","Indexable",""
"https://mutflex.com/blog/كيف-يحول-موتفليكس-عمليات-مصنعك-ومشاريعك-بالسعودية","1","","0","0","Indexable",""
"https://mutflex.com/blog/برنامج-موتفليكس-حلول-سعودية-متكاملة-لإدارة-عملياتك-بذكاء","1","","0","0","Indexable",""
"https://mutflex.com/blog/عملك-فوضى-لا-تنظيم-اكتشف-أفضل-برنامج-إدارة-تشغيل-الآن","1","","0","0","Indexable",""
"https://mutflex.com/blog/موتفليكس-تطبيق-كيف-تدير-عملك-وأنت-خارج-المكتب-حلول-لأصحاب-الأعمال-في-السعودية","1","","0","0","Indexable",""
"https://mutflex.com/blog/ليس-فقط-السعر-التكلفة-الحقيقية-لبرنامج-إدارة-المشاريع-وماذا-يجب-أن-تسأل-عنه","1","","0","0","Indexable",""
"https://mutflex.com/blog/موتفليكس-نظام-هل-تدير-عملك-ببرامج-أم-بمنظومة-تشغيل-متكاملة","1","","0","0","Indexable",""
"https://mutflex.com/blog/دليلك-الشامل-لبرنامج-تشغيل-شركات-السعودية-وحلول-تحديات-المشاريع","1","","0","0","Indexable",""
"https://mutflex.com/blog/هل-عملك-مشغول-لكن-فوضوي-اكتشف-الحل-مع-أفضل-برنامج-إدارة-تشغيل","1","","0","0","Indexable",""
"https://mutflex.com/blog/كيف-يحل-برنامج-إدارة-مصانع-الرخام-تعقيدات-التشغيل-ويضمن-تسليم-المشاريع-بالوقت","1","","0","0","Indexable",""
"https://mutflex.com/blog/متابعة-مقاول-الباطن-كيف-تدير-العمل-عن-بعد-وتتغلب-على-التحديات-اليومية","1","","0","0","Indexable",""
"https://mutflex.com/blog/ليس-فقط-السعر-دليلك-الشامل-لاختيار-نظام-إدارة-المشاريع-الأمثل-لشركتك","1","","0","0","Indexable",""
"https://mutflex.com/blog/وداعا-للفوضى-كيف-يحول-نظام-تتبع-مراحل-التصنيع-مصنعك-السعودي-إلى-قلعة-إنتاجية","1","","0","0","Indexable",""
"https://mutflex.com/blog/برنامج-إدارة-المشاريع-في-السعودية-حلول-لتحديات-أعمالك","1","","0","0","Indexable",""
"https://mutflex.com/blog/وداعا-لفوضى-الفروع-كيف-يحول-برنامج-إدارة-الفروع-عملك-إلى-منظومة-متكاملة","1","","0","0","Indexable",""
"https://mutflex.com/blog/موتفليكس-الحل-الذكي-لإدارة-مصانع-وشركات-المقاولات","1","","0","0","Indexable",""
